{"forget_forget_Min-60%": 0.5, "forget_forget_Min-40%": 0.5, "forget_forget_Min-20%": 0.5, "forget_forget_PPL": 0.5, "forget_forget_PPL/zlib": 0.5, "forget_forget_Min-50%": 0.49999999999999994, "forget_forget_PPL/lower": 0.5, "forget_forget_Min-10%": 0.5, "forget_forget_Min-30%": 0.5, "forget_forget_Min-5%": 0.5, "forget_retain_Min-60%": 0.45779999999999993, "forget_retain_Min-40%": 0.44289999999999996, "forget_retain_Min-20%": 0.43605, "forget_retain_PPL": 0.49620000000000003, "forget_retain_PPL/zlib": 0.47509999999999997, "forget_retain_Min-50%": 0.45125, "forget_retain_PPL/lower": 0.46395, "forget_retain_Min-10%": 0.43195, "forget_retain_Min-30%": 0.43690000000000007, "forget_retain_Min-5%": 0.43865000000000004, "forget_holdout_Min-60%": 0.5403, "forget_holdout_Min-40%": 0.5145000000000001, "forget_holdout_Min-20%": 0.4669, "forget_holdout_PPL": 0.5611999999999999, "forget_holdout_PPL/zlib": 0.5215000000000001, "forget_holdout_Min-50%": 0.5314, "forget_holdout_PPL/lower": 0.48679999999999995, "forget_holdout_Min-10%": 0.45735, "forget_holdout_Min-30%": 0.48989999999999995, "forget_holdout_Min-5%": 0.45259999999999995, "retain_forget_Min-60%": 0.5422, "retain_forget_Min-40%": 0.5571, "retain_forget_Min-20%": 0.56395, "retain_forget_PPL": 0.5037999999999999, "retain_forget_PPL/zlib": 0.5249000000000001, "retain_forget_Min-50%": 0.5487500000000001, "retain_forget_PPL/lower": 0.53605, "retain_forget_Min-10%": 0.56805, "retain_forget_Min-30%": 0.5630999999999999, "retain_forget_Min-5%": 0.56135, "retain_retain_Min-60%": 0.5, "retain_retain_Min-40%": 0.5, "retain_retain_Min-20%": 0.5, "retain_retain_PPL": 0.5, "retain_retain_PPL/zlib": 0.5, "retain_retain_Min-50%": 0.5, "retain_retain_PPL/lower": 0.5, "retain_retain_Min-10%": 0.5, "retain_retain_Min-30%": 0.5, "retain_retain_Min-5%": 0.5, "retain_holdout_Min-60%": 0.5729500000000001, "retain_holdout_Min-40%": 0.5655000000000001, "retain_holdout_Min-20%": 0.52625, "retain_holdout_PPL": 0.56785, "retain_holdout_PPL/zlib": 0.5504, "retain_holdout_Min-50%": 0.5749, "retain_holdout_PPL/lower": 0.5226000000000001, "retain_holdout_Min-10%": 0.5244, "retain_holdout_Min-30%": 0.5468, "retain_holdout_Min-5%": 0.52005, "holdout_forget_Min-60%": 0.45970000000000005, "holdout_forget_Min-40%": 0.48550000000000004, "holdout_forget_Min-20%": 0.5331, "holdout_forget_PPL": 0.43879999999999997, "holdout_forget_PPL/zlib": 0.4785, "holdout_forget_Min-50%": 0.46859999999999996, "holdout_forget_PPL/lower": 0.5132000000000001, "holdout_forget_Min-10%": 0.5426500000000001, "holdout_forget_Min-30%": 0.5101, "holdout_forget_Min-5%": 0.5474, "holdout_retain_Min-60%": 0.42705, "holdout_retain_Min-40%": 0.43450000000000005, "holdout_retain_Min-20%": 0.47375000000000006, "holdout_retain_PPL": 0.43215, "holdout_retain_PPL/zlib": 0.44960000000000006, "holdout_retain_Min-50%": 0.4251, "holdout_retain_PPL/lower": 0.4774, "holdout_retain_Min-10%": 0.4756, "holdout_retain_Min-30%": 0.4532, "holdout_retain_Min-5%": 0.47995, "holdout_holdout_Min-60%": 0.5, "holdout_holdout_Min-40%": 0.5, "holdout_holdout_Min-20%": 0.49999999999999994, "holdout_holdout_PPL": 0.5000000000000001, "holdout_holdout_PPL/zlib": 0.5, "holdout_holdout_Min-50%": 0.5, "holdout_holdout_PPL/lower": 0.5, "holdout_holdout_Min-10%": 0.5, "holdout_holdout_Min-30%": 0.5, "holdout_holdout_Min-5%": 0.5}