{"max_rougeL": 0.3333333333333333, "mean_rougeL": 0.009797979797979799, "rougeL_ci_lo": 0.000909090909090909, "rougeL_ci_hi": 0.021111111111111112, "max_rougeL_recall": 0.3333333333333333, "mean_rougeL_recall": 0.008666666666666666, "rougeL_recall_ci_lo": 0.0008333333333333333, "rougeL_recall_ci_hi": 0.0185, "max_rouge1": 0.3333333333333333, "mean_rouge1": 0.009797979797979799, "rouge1_ci_lo": 0.000909090909090909, "rouge1_ci_hi": 0.02090909090909091, "max_rouge1_recall": 0.3333333333333333, "mean_rouge1_recall": 0.008666666666666666, "rouge1_recall_ci_lo": 0.0008333333333333333, "rouge1_recall_ci_hi": 0.018666666666666668}