{"max_rougeL": 0.5, "mean_rougeL": 0.031603174603174605, "rougeL_ci_lo": 0.01309444444444445, "rougeL_ci_hi": 0.05338253968253967, "max_rougeL_recall": 0.5, "mean_rougeL_recall": 0.031190476190476185, "rougeL_recall_ci_lo": 0.012857142857142855, "rougeL_recall_ci_hi": 0.05286309523809515, "max_rouge1": 0.5, "mean_rouge1": 0.031603174603174605, "rouge1_ci_lo": 0.013444444444444446, "rouge1_ci_hi": 0.05246031746031746, "max_rouge1_recall": 0.5, "mean_rouge1_recall": 0.031190476190476185, "rouge1_recall_ci_lo": 0.012619047619047618, "rouge1_recall_ci_hi": 0.05309523809523809}