name,verbmem_f,privleak,knowmem_f,knowmem_r
cont_npo_cosine_1,5.431888158477397,14.626990779547356,0.0,0.10259740259740262
