name,verbmem_f,privleak,knowmem_f,knowmem_r
cont_npo_cosine_1_4n,13.943935703727417,3.5414920368818166,2.3666666666666667,0.9797979797979799
