name,verbmem_f,privleak,knowmem_f,knowmem_r
cont_npo_cosine_1_3n,13.446906123657984,-3.855825649622782,3.1603174603174606,5.535973177149649
