{"max_rougeL": 0.1, "mean_rougeL": 0.001, "rougeL_ci_lo": 0.0, "rougeL_ci_hi": 0.0030000000000000005, "max_rougeL_recall": 0.16666666666666666, "mean_rougeL_recall": 0.0016666666666666666, "rougeL_recall_ci_lo": 0.0, "rougeL_recall_ci_hi": 0.005, "max_rouge1": 0.1, "mean_rouge1": 0.001, "rouge1_ci_lo": 0.0, "rouge1_ci_hi": 0.0030000000000000005, "max_rouge1_recall": 0.16666666666666666, "mean_rouge1_recall": 0.0016666666666666666, "rouge1_recall_ci_lo": 0.0, "rouge1_recall_ci_hi": 0.005}