{"max_rougeL": 0.21212121212121213, "mean_rougeL": 0.02129268553186608, "rougeL_ci_lo": 0.014934776335231255, "rougeL_ci_hi": 0.028464655650585226, "max_rougeL_recall": 0.21875, "mean_rougeL_recall": 0.015462441493297969, "rougeL_recall_ci_lo": 0.01033118485385753, "rougeL_recall_ci_hi": 0.02183653218715057, "max_rouge1": 0.24242424242424243, "mean_rouge1": 0.023137985113017304, "rouge1_ci_lo": 0.01567239337970594, "rouge1_ci_hi": 0.03161860429664667, "max_rouge1_recall": 0.25, "mean_rouge1_recall": 0.016861905923635893, "rouge1_recall_ci_lo": 0.010818014731219813, "rouge1_recall_ci_hi": 0.024116619664463997}