{"forget_forget_PPL": 0.5, "forget_forget_Min-10%": 0.5, "forget_forget_Min-30%": 0.5, "forget_forget_Min-5%": 0.5, "forget_forget_Min-60%": 0.5, "forget_forget_Min-20%": 0.5, "forget_forget_Min-50%": 0.5, "forget_forget_PPL/lower": 0.5, "forget_forget_Min-40%": 0.5, "forget_forget_PPL/zlib": 0.5, "forget_retain_PPL": 0.4702, "forget_retain_Min-10%": 0.5053, "forget_retain_Min-30%": 0.48410000000000003, "forget_retain_Min-5%": 0.5405, "forget_retain_Min-60%": 0.4735, "forget_retain_Min-20%": 0.49330000000000007, "forget_retain_Min-50%": 0.4777, "forget_retain_PPL/lower": 0.45935000000000004, "forget_retain_Min-40%": 0.4787, "forget_retain_PPL/zlib": 0.4508, "forget_holdout_PPL": 0.46495000000000003, "forget_holdout_Min-10%": 0.5285, "forget_holdout_Min-30%": 0.5053000000000001, "forget_holdout_Min-5%": 0.5485, "forget_holdout_Min-60%": 0.47330000000000005, "forget_holdout_Min-20%": 0.5158, "forget_holdout_Min-50%": 0.483, "forget_holdout_PPL/lower": 0.50545, "forget_holdout_Min-40%": 0.4941, "forget_holdout_PPL/zlib": 0.43000000000000005, "retain_forget_PPL": 0.5298, "retain_forget_Min-10%": 0.4947, "retain_forget_Min-30%": 0.5159, "retain_forget_Min-5%": 0.4595, "retain_forget_Min-60%": 0.5265000000000001, "retain_forget_Min-20%": 0.5067, "retain_forget_Min-50%": 0.5223, "retain_forget_PPL/lower": 0.5406500000000001, "retain_forget_Min-40%": 0.5213, "retain_forget_PPL/zlib": 0.5492, "retain_retain_PPL": 0.49999999999999994, "retain_retain_Min-10%": 0.5, "retain_retain_Min-30%": 0.5, "retain_retain_Min-5%": 0.5, "retain_retain_Min-60%": 0.5, "retain_retain_Min-20%": 0.5, "retain_retain_Min-50%": 0.5, "retain_retain_PPL/lower": 0.5, "retain_retain_Min-40%": 0.5, "retain_retain_PPL/zlib": 0.5, "retain_holdout_PPL": 0.48464999999999997, "retain_holdout_Min-10%": 0.5318999999999999, "retain_holdout_Min-30%": 0.5205000000000001, "retain_holdout_Min-5%": 0.5132, "retain_holdout_Min-60%": 0.4942, "retain_holdout_Min-20%": 0.5287, "retain_holdout_Min-50%": 0.502, "retain_holdout_PPL/lower": 0.5342, "retain_holdout_Min-40%": 0.5116, "retain_holdout_PPL/zlib": 0.4618, "holdout_forget_PPL": 0.53505, "holdout_forget_Min-10%": 0.47150000000000003, "holdout_forget_Min-30%": 0.4946999999999999, "holdout_forget_Min-5%": 0.4515, "holdout_forget_Min-60%": 0.5267000000000001, "holdout_forget_Min-20%": 0.4841999999999999, "holdout_forget_Min-50%": 0.5169999999999999, "holdout_forget_PPL/lower": 0.49455000000000005, "holdout_forget_Min-40%": 0.5059, "holdout_forget_PPL/zlib": 0.5700000000000001, "holdout_retain_PPL": 0.5153500000000001, "holdout_retain_Min-10%": 0.46809999999999996, "holdout_retain_Min-30%": 0.47950000000000004, "holdout_retain_Min-5%": 0.4868, "holdout_retain_Min-60%": 0.5058, "holdout_retain_Min-20%": 0.47130000000000005, "holdout_retain_Min-50%": 0.498, "holdout_retain_PPL/lower": 0.4658, "holdout_retain_Min-40%": 0.4884, "holdout_retain_PPL/zlib": 0.5382, "holdout_holdout_PPL": 0.5, "holdout_holdout_Min-10%": 0.5, "holdout_holdout_Min-30%": 0.5, "holdout_holdout_Min-5%": 0.5, "holdout_holdout_Min-60%": 0.5, "holdout_holdout_Min-20%": 0.5, "holdout_holdout_Min-50%": 0.5, "holdout_holdout_PPL/lower": 0.5, "holdout_holdout_Min-40%": 0.5, "holdout_holdout_PPL/zlib": 0.5}