{"max_rougeL": 0.18543046357615894, "mean_rougeL": 0.05431888158477397, "rougeL_ci_lo": 0.047241079223200914, "rougeL_ci_hi": 0.06184673409272657, "max_rougeL_recall": 0.16279069767441862, "mean_rougeL_recall": 0.044182046655830816, "rougeL_recall_ci_lo": 0.03797214867353881, "rougeL_recall_ci_hi": 0.05083373602790958, "max_rouge1": 0.23841059602649006, "mean_rouge1": 0.06242751871008166, "rouge1_ci_lo": 0.05394505444453451, "rouge1_ci_hi": 0.0717849881207112, "max_rouge1_recall": 0.20930232558139536, "mean_rouge1_recall": 0.051052834414824735, "rouge1_recall_ci_lo": 0.04337030126455175, "rouge1_recall_ci_hi": 0.05958821767843435}