{"max_rougeL": 0.05714285714285715, "mean_rougeL": 0.0010259740259740261, "rougeL_ci_lo": 0.0, "rougeL_ci_hi": 0.0026233766233766235, "max_rougeL_recall": 0.2, "mean_rougeL_recall": 0.002833333333333333, "rougeL_recall_ci_lo": 0.0, "rougeL_recall_ci_hi": 0.007666666666666667, "max_rouge1": 0.05714285714285715, "mean_rouge1": 0.0010259740259740261, "rouge1_ci_lo": 0.0, "rouge1_ci_hi": 0.0026233766233766235, "max_rouge1_recall": 0.2, "mean_rouge1_recall": 0.002833333333333333, "rouge1_recall_ci_lo": 0.0, "rouge1_recall_ci_hi": 0.007666666666666667}