{"forget_forget_Min-40%": 0.5, "forget_forget_Min-5%": 0.5, "forget_forget_Min-50%": 0.5, "forget_forget_Min-60%": 0.5, "forget_forget_PPL/lower": 0.5, "forget_forget_Min-30%": 0.5, "forget_forget_PPL": 0.5, "forget_forget_Min-20%": 0.5, "forget_forget_PPL/zlib": 0.5, "forget_forget_Min-10%": 0.5, "forget_retain_Min-40%": 0.5217999999999999, "forget_retain_Min-5%": 0.5113000000000001, "forget_retain_Min-50%": 0.5129999999999999, "forget_retain_Min-60%": 0.5067999999999999, "forget_retain_PPL/lower": 0.5207999999999999, "forget_retain_Min-30%": 0.5234000000000001, "forget_retain_PPL": 0.4697, "forget_retain_Min-20%": 0.5298999999999999, "forget_retain_PPL/zlib": 0.4792, "forget_retain_Min-10%": 0.5295, "forget_holdout_Min-40%": 0.5479, "forget_holdout_Min-5%": 0.5029000000000001, "forget_holdout_Min-50%": 0.5562, "forget_holdout_Min-60%": 0.5588000000000001, "forget_holdout_PPL/lower": 0.4512, "forget_holdout_Min-30%": 0.5435, "forget_holdout_PPL": 0.5645, "forget_holdout_Min-20%": 0.5272, "forget_holdout_PPL/zlib": 0.5014, "forget_holdout_Min-10%": 0.5186000000000001, "retain_forget_Min-40%": 0.47819999999999996, "retain_forget_Min-5%": 0.48869999999999997, "retain_forget_Min-50%": 0.487, "retain_forget_Min-60%": 0.49319999999999997, "retain_forget_PPL/lower": 0.47920000000000007, "retain_forget_Min-30%": 0.4766, "retain_forget_PPL": 0.5303, "retain_forget_Min-20%": 0.4701, "retain_forget_PPL/zlib": 0.5208, "retain_forget_Min-10%": 0.47050000000000003, "retain_retain_Min-40%": 0.5, "retain_retain_Min-5%": 0.5, "retain_retain_Min-50%": 0.5, "retain_retain_Min-60%": 0.5, "retain_retain_PPL/lower": 0.5, "retain_retain_Min-30%": 0.5, "retain_retain_PPL": 0.5, "retain_retain_Min-20%": 0.5, "retain_retain_PPL/zlib": 0.5, "retain_retain_Min-10%": 0.5, "retain_holdout_Min-40%": 0.5289, "retain_holdout_Min-5%": 0.4958000000000001, "retain_holdout_Min-50%": 0.5505000000000001, "retain_holdout_Min-60%": 0.5605000000000001, "retain_holdout_PPL/lower": 0.44070000000000004, "retain_holdout_Min-30%": 0.5209, "retain_holdout_PPL": 0.5892000000000001, "retain_holdout_Min-20%": 0.49929999999999997, "retain_holdout_PPL/zlib": 0.5168, "retain_holdout_Min-10%": 0.49809999999999993, "holdout_forget_Min-40%": 0.4521, "holdout_forget_Min-5%": 0.4971, "holdout_forget_Min-50%": 0.4438, "holdout_forget_Min-60%": 0.4412, "holdout_forget_PPL/lower": 0.5488000000000001, "holdout_forget_Min-30%": 0.45649999999999996, "holdout_forget_PPL": 0.4355, "holdout_forget_Min-20%": 0.47280000000000005, "holdout_forget_PPL/zlib": 0.4986, "holdout_forget_Min-10%": 0.4814, "holdout_retain_Min-40%": 0.47109999999999996, "holdout_retain_Min-5%": 0.5042, "holdout_retain_Min-50%": 0.44950000000000007, "holdout_retain_Min-60%": 0.43950000000000006, "holdout_retain_PPL/lower": 0.5593, "holdout_retain_Min-30%": 0.4791, "holdout_retain_PPL": 0.4108, "holdout_retain_Min-20%": 0.5007, "holdout_retain_PPL/zlib": 0.4832000000000001, "holdout_retain_Min-10%": 0.5019, "holdout_holdout_Min-40%": 0.5, "holdout_holdout_Min-5%": 0.5, "holdout_holdout_Min-50%": 0.5, "holdout_holdout_Min-60%": 0.5, "holdout_holdout_PPL/lower": 0.5, "holdout_holdout_Min-30%": 0.5, "holdout_holdout_PPL": 0.5, "holdout_holdout_Min-20%": 0.5, "holdout_holdout_PPL/zlib": 0.5, "holdout_holdout_Min-10%": 0.5}