{"max_rougeL": 0.5, "mean_rougeL": 0.023666666666666666, "rougeL_ci_lo": 0.006666666666666666, "rougeL_ci_hi": 0.04533333333333333, "max_rougeL_recall": 0.5, "mean_rougeL_recall": 0.0225, "rougeL_recall_ci_lo": 0.006666666666666666, "rougeL_recall_ci_hi": 0.0425, "max_rouge1": 0.5, "mean_rouge1": 0.023666666666666666, "rouge1_ci_lo": 0.006666666666666666, "rouge1_ci_hi": 0.04466666666666667, "max_rouge1_recall": 0.5, "mean_rouge1_recall": 0.0225, "rouge1_recall_ci_lo": 0.005833333333333333, "rouge1_recall_ci_hi": 0.0425}