{"max_rougeL": 0.6, "mean_rougeL": 0.05535973177149649, "rougeL_ci_lo": 0.031355122655122664, "rougeL_ci_hi": 0.08270786435786434, "max_rougeL_recall": 0.6, "mean_rougeL_recall": 0.06994444444444443, "rougeL_recall_ci_lo": 0.0395, "rougeL_recall_ci_hi": 0.10366666666666667, "max_rouge1": 0.6, "mean_rouge1": 0.05535973177149649, "rouge1_ci_lo": 0.0318765639589169, "rouge1_ci_hi": 0.08242919107036754, "max_rouge1_recall": 0.6, "mean_rouge1_recall": 0.06994444444444443, "rouge1_recall_ci_lo": 0.03983333333333333, "rouge1_recall_ci_hi": 0.1041166666666666}