{"max_rougeL": 0.21875, "mean_rougeL": 0.13446906123657984, "rougeL_ci_lo": 0.12703652441562863, "rougeL_ci_hi": 0.1417718852836643, "max_rougeL_recall": 0.2441860465116279, "mean_rougeL_recall": 0.14737810042674407, "rougeL_recall_ci_lo": 0.13927046668542217, "rougeL_recall_ci_hi": 0.1555488955267503, "max_rouge1": 0.3618090452261306, "mean_rouge1": 0.20205555660592528, "rouge1_ci_lo": 0.18829111778264684, "rouge1_ci_hi": 0.21534969729861708, "max_rouge1_recall": 0.4044943820224719, "mean_rouge1_recall": 0.22153958960731018, "rouge1_recall_ci_lo": 0.20664792136966287, "rouge1_recall_ci_hi": 0.2363714118108243}