{"forget_forget_PPL/zlib": 0.5, "forget_forget_Min-30%": 0.5, "forget_forget_Min-60%": 0.5, "forget_forget_Min-20%": 0.5, "forget_forget_PPL/lower": 0.5, "forget_forget_Min-40%": 0.5, "forget_forget_Min-50%": 0.5, "forget_forget_PPL": 0.5000000000000001, "forget_forget_Min-5%": 0.5, "forget_forget_Min-10%": 0.5, "forget_retain_PPL/zlib": 0.3971, "forget_retain_Min-30%": 0.447, "forget_retain_Min-60%": 0.4001, "forget_retain_Min-20%": 0.4887, "forget_retain_PPL/lower": 0.4597, "forget_retain_Min-40%": 0.418, "forget_retain_Min-50%": 0.40499999999999997, "forget_retain_PPL": 0.4053, "forget_retain_Min-5%": 0.5772499999999999, "forget_retain_Min-10%": 0.5447, "forget_holdout_PPL/zlib": 0.3866, "forget_holdout_Min-30%": 0.4964, "forget_holdout_Min-60%": 0.4254, "forget_holdout_Min-20%": 0.5367, "forget_holdout_PPL/lower": 0.45640000000000003, "forget_holdout_Min-40%": 0.45880000000000004, "forget_holdout_Min-50%": 0.4369, "forget_holdout_PPL": 0.41525, "forget_holdout_Min-5%": 0.6100000000000001, "forget_holdout_Min-10%": 0.5847, "retain_forget_PPL/zlib": 0.6029, "retain_forget_Min-30%": 0.5529999999999999, "retain_forget_Min-60%": 0.5999, "retain_forget_Min-20%": 0.5113000000000001, "retain_forget_PPL/lower": 0.5403, "retain_forget_Min-40%": 0.5820000000000001, "retain_forget_Min-50%": 0.595, "retain_forget_PPL": 0.5947, "retain_forget_Min-5%": 0.42275000000000007, "retain_forget_Min-10%": 0.45530000000000004, "retain_retain_PPL/zlib": 0.5, "retain_retain_Min-30%": 0.5, "retain_retain_Min-60%": 0.5, "retain_retain_Min-20%": 0.5, "retain_retain_PPL/lower": 0.5, "retain_retain_Min-40%": 0.5, "retain_retain_Min-50%": 0.5, "retain_retain_PPL": 0.49999999999999994, "retain_retain_Min-5%": 0.5, "retain_retain_Min-10%": 0.5, "retain_holdout_PPL/zlib": 0.48950000000000005, "retain_holdout_Min-30%": 0.5376, "retain_holdout_Min-60%": 0.5133, "retain_holdout_Min-20%": 0.5445, "retain_holdout_PPL/lower": 0.4936, "retain_holdout_Min-40%": 0.5298, "retain_holdout_Min-50%": 0.5192, "retain_holdout_PPL": 0.5067999999999999, "retain_holdout_Min-5%": 0.5393, "retain_holdout_Min-10%": 0.5503, "holdout_forget_PPL/zlib": 0.6134, "holdout_forget_Min-30%": 0.5035999999999999, "holdout_forget_Min-60%": 0.5746, "holdout_forget_Min-20%": 0.4633, "holdout_forget_PPL/lower": 0.5436, "holdout_forget_Min-40%": 0.5412, "holdout_forget_Min-50%": 0.5630999999999999, "holdout_forget_PPL": 0.58475, "holdout_forget_Min-5%": 0.39, "holdout_forget_Min-10%": 0.41529999999999995, "holdout_retain_PPL/zlib": 0.5105, "holdout_retain_Min-30%": 0.46240000000000003, "holdout_retain_Min-60%": 0.4866999999999999, "holdout_retain_Min-20%": 0.45549999999999996, "holdout_retain_PPL/lower": 0.5064000000000001, "holdout_retain_Min-40%": 0.4702, "holdout_retain_Min-50%": 0.4808, "holdout_retain_PPL": 0.4932, "holdout_retain_Min-5%": 0.4607, "holdout_retain_Min-10%": 0.4497, "holdout_holdout_PPL/zlib": 0.5, "holdout_holdout_Min-30%": 0.5, "holdout_holdout_Min-60%": 0.5, "holdout_holdout_Min-20%": 0.5, "holdout_holdout_PPL/lower": 0.5, "holdout_holdout_Min-40%": 0.5, "holdout_holdout_Min-50%": 0.5, "holdout_holdout_PPL": 0.5, "holdout_holdout_Min-5%": 0.5, "holdout_holdout_Min-10%": 0.5}