{"forget_forget_PPL": 0.5, "forget_forget_Min-40%": 0.5, "forget_forget_Min-20%": 0.5, "forget_forget_Min-5%": 0.5, "forget_forget_Min-50%": 0.5, "forget_forget_PPL/lower": 0.5, "forget_forget_Min-10%": 0.5, "forget_forget_Min-30%": 0.5, "forget_forget_Min-60%": 0.5, "forget_forget_PPL/zlib": 0.5, "forget_retain_PPL": 0.52115, "forget_retain_Min-40%": 0.4971, "forget_retain_Min-20%": 0.46630000000000005, "forget_retain_Min-5%": 0.4531, "forget_retain_Min-50%": 0.5082, "forget_retain_PPL/lower": 0.5546000000000001, "forget_retain_Min-10%": 0.45820000000000005, "forget_retain_Min-30%": 0.4825, "forget_retain_Min-60%": 0.5142, "forget_retain_PPL/zlib": 0.4973, "forget_holdout_PPL": 0.5581499999999999, "forget_holdout_Min-40%": 0.5469999999999999, "forget_holdout_Min-20%": 0.5371, "forget_holdout_Min-5%": 0.5333, "forget_holdout_Min-50%": 0.5504, "forget_holdout_PPL/lower": 0.5758, "forget_holdout_Min-10%": 0.532, "forget_holdout_Min-30%": 0.5419, "forget_holdout_Min-60%": 0.554, "forget_holdout_PPL/zlib": 0.5091, "retain_forget_PPL": 0.47884999999999994, "retain_forget_Min-40%": 0.5028999999999999, "retain_forget_Min-20%": 0.5337, "retain_forget_Min-5%": 0.5468999999999999, "retain_forget_Min-50%": 0.4918, "retain_forget_PPL/lower": 0.44539999999999996, "retain_forget_Min-10%": 0.5418000000000001, "retain_forget_Min-30%": 0.5175, "retain_forget_Min-60%": 0.4858, "retain_forget_PPL/zlib": 0.5026999999999999, "retain_retain_PPL": 0.5, "retain_retain_Min-40%": 0.5, "retain_retain_Min-20%": 0.5, "retain_retain_Min-5%": 0.5, "retain_retain_Min-50%": 0.5, "retain_retain_PPL/lower": 0.5, "retain_retain_Min-10%": 0.5, "retain_retain_Min-30%": 0.5, "retain_retain_Min-60%": 0.5, "retain_retain_PPL/zlib": 0.5, "retain_holdout_PPL": 0.5396, "retain_holdout_Min-40%": 0.5493, "retain_holdout_Min-20%": 0.5624, "retain_holdout_Min-5%": 0.5745, "retain_holdout_Min-50%": 0.5486, "retain_holdout_PPL/lower": 0.5290999999999999, "retain_holdout_Min-10%": 0.5706, "retain_holdout_Min-30%": 0.5564, "retain_holdout_Min-60%": 0.5436, "retain_holdout_PPL/zlib": 0.5167999999999999, "holdout_forget_PPL": 0.44185, "holdout_forget_Min-40%": 0.453, "holdout_forget_Min-20%": 0.4629, "holdout_forget_Min-5%": 0.4667, "holdout_forget_Min-50%": 0.4496, "holdout_forget_PPL/lower": 0.4241999999999999, "holdout_forget_Min-10%": 0.46799999999999997, "holdout_forget_Min-30%": 0.45809999999999995, "holdout_forget_Min-60%": 0.446, "holdout_forget_PPL/zlib": 0.49090000000000006, "holdout_retain_PPL": 0.4604, "holdout_retain_Min-40%": 0.4507, "holdout_retain_Min-20%": 0.43760000000000004, "holdout_retain_Min-5%": 0.42550000000000004, "holdout_retain_Min-50%": 0.45139999999999997, "holdout_retain_PPL/lower": 0.4709, "holdout_retain_Min-10%": 0.42940000000000006, "holdout_retain_Min-30%": 0.4436, "holdout_retain_Min-60%": 0.45640000000000003, "holdout_retain_PPL/zlib": 0.4832, "holdout_holdout_PPL": 0.5, "holdout_holdout_Min-40%": 0.5, "holdout_holdout_Min-20%": 0.5, "holdout_holdout_Min-5%": 0.5, "holdout_holdout_Min-50%": 0.5, "holdout_holdout_PPL/lower": 0.5, "holdout_holdout_Min-10%": 0.5, "holdout_holdout_Min-30%": 0.5, "holdout_holdout_Min-60%": 0.5, "holdout_holdout_PPL/zlib": 0.5}