{"max_rougeL": 0.24338624338624337, "mean_rougeL": 0.13943935703727417, "rougeL_ci_lo": 0.1321134205342326, "rougeL_ci_hi": 0.14680005913679628, "max_rougeL_recall": 0.27058823529411763, "mean_rougeL_recall": 0.15442640901541602, "rougeL_recall_ci_lo": 0.14635256333105176, "rougeL_recall_ci_hi": 0.16235602984349792, "max_rouge1": 0.3781094527363184, "mean_rouge1": 0.2054342330069687, "rouge1_ci_lo": 0.19201201859739653, "rouge1_ci_hi": 0.21851818328300968, "max_rouge1_recall": 0.3958333333333333, "mean_rouge1_recall": 0.22723737510625422, "rouge1_recall_ci_lo": 0.21280003168045641, "rouge1_recall_ci_hi": 0.24135902973421403}